Workbook

Sheet Dashboard
B2: C0 Sort Wash Dashboard
B3: Daily shift performance — volume, TPH, SSP & WIP compliance
B5: TOTAL PROCESSED | D5: AVG SORT TPH | F5: AVG SSP | H5: AVG WIP
B6: =SUM(Daily_Data!C2:C15) -> 191917 | D6: =AVERAGE(Daily_Data!E2:E15) -> 99.605714 | F6: =AVERAGE(Daily_Data!F2:F15) -> 0.99719286 | H6: =AVERAGE(Daily_Data!G2:G15) -> 0.98701429
B8: =SUM(Daily_Data!C2:C15)-SUM(Daily_Data!B2:B15)&" vs planned" -> 597 vs planned | D8: ="Plan "&TEXT(AVERAGE(Daily_Data!D2:D15),"0.0") -> Plan 99.5 | F8: "goal 99.95%" | H8: ="14 shifts logged" -> 14 shifts logged
B10: Charts

Sheet Daily_Data
A1: Date | B1: Planned Vol | C1: Processed Vol | D1: TPH Plan | E1: Sort TPH | F1: SSP | G1: WIP % | H1: High WIP | I1: Induct BRT | J1: Notes | K1: Vol Variance | L1: TPH Var | M1: Status
A2: 45810 | B2: 14619 | C2: 14113 | D2: 102.42 | E2: 100.32 | F2: 0.9957 | G2: 0.982 | H2: 2 | I2: 1.86 | J2: Site processed 14.1k on a plan of 14.6k | K2: =C2-B2 -> -506 | L2: =E2-D2 -> -2.1 | M2: =IF(OR(K2/B2<-0.05,L2/D2<-0.05),"Miss",IF(OR(K2<0,L2<0),"Below","Hit")) -> Below
A3: 45811 | B3: 13728 | C3: 13121 | D3: 95.94 | E3: 93.85 | F3: 0.998 | G3: 0.9912 | H3: 2 | I3: 2.18 | J3: Site processed 13.1k on a plan of 13.7k | K3: =C3-B3 -> -607 | L3: =E3-D3 -> -2.09 | M3: =IF(OR(K3/B3<-0.05,L3/D3<-0.05),"Miss",IF(OR(K3<0,L3<0),"Below","Hit")) -> Below
A4: 45812 | B4: 12902 | C4: 12978 | D4: 97.78 | E4: 101.88 | F4: 0.9988 | G4: 0.9832 | H4: 0 | I4: 1.99 | J4: Site processed 13.0k on a plan of 12.9k | K4: =C4-B4 -> 76 | L4: =E4-D4 -> 4.1 | M4: =IF(OR(K4/B4<-0.05,L4/D4<-0.05),"Miss",IF(OR(K4<0,L4<0),"Below","Hit")) -> Hit
A5: 45813 | B5: 12881 | C5: 13742 | D5: 98.37 | E5: 94.86 | F5: 0.9955 | G5: 0.9969 | H5: 0 | I5: 2.36 | J5: Site processed 13.7k on a plan of 12.9k | K5: =C5-B5 -> 861 | L5: =E5-D5 -> -3.51 | M5: =IF(OR(K5/B5<-0.05,L5/D5<-0.05),"Miss",IF(OR(K5<0,L5<0),"Below","Hit")) -> Below
A6: 45814 | B6: 14988 | C6: 15095 | D6: 96.25 | E6: 100.8 | F6: 0.9954 | G6: 0.9859 | H6: 0 | I6: 2.42 | J6: Site processed 15.1k on a plan of 15.0k | K6: =C6-B6 -> 107 | L6: =E6-D6 -> 4.55 | M6: =IF(OR(K6/B6<-0.05,L6/D6<-0.05),"Miss",IF(OR(K6<0,L6<0),"Below","Hit")) -> Hit
A7: 45815 | B7: 13481 | C7: 13768 | D7: 102.05 | E7: 97.93 | F7: 0.9961 | G7: 0.9858 | H7: 0 | I7: 1.96 | J7: Site processed 13.8k on a plan of 13.5k | K7: =C7-B7 -> 287 | L7: =E7-D7 -> -4.12 | M7: =IF(OR(K7/B7<-0.05,L7/D7<-0.05),"Miss",IF(OR(K7<0,L7<0),"Below","Hit")) -> Below
A8: 45816 | B8: 12413 | C8: 12383 | D8: 99.53 | E8: 103.35 | F8: 0.9958 | G8: 0.9871 | H8: 0 | I8: 2.29 | J8: Site processed 12.4k on a plan of 12.4k | K8: =C8-B8 -> -30 | L8: =E8-D8 -> 3.82 | M8: =IF(OR(K8/B8<-0.05,L8/D8<-0.05),"Miss",IF(OR(K8<0,L8<0),"Below","Hit")) -> Below
A9: 45817 | B9: 14799 | C9: 15239 | D9: 101.09 | E9: 98.27 | F9: 0.9986 | G9: 0.9833 | H9: 0 | I9: 2.49 | J9: Site processed 15.2k on a plan of 14.8k | K9: =C9-B9 -> 440 | L9: =E9-D9 -> -2.82 | M9: =IF(OR(K9/B9<-0.05,L9/D9<-0.05),"Miss",IF(OR(K9<0,L9<0),"Below","Hit")) -> Below
A10: 45818 | B10: 14621 | C10: 15127 | D10: 97.2 | E10: 95.98 | F10: 0.9988 | G10: 0.9811 | H10: 1 | I10: 2.08 | J10: Site processed 15.1k on a plan of 14.6k | K10: =C10-B10 -> 506 | L10: =E10-D10 -> -1.22 | M10: =IF(OR(K10/B10<-0.05,L10/D10<-0.05),"Miss",IF(OR(K10<0,L10<0),"Below","Hit")) -> Below
A11: 45819 | B11: 12271 | C11: 11993 | D11: 104.43 | E11: 108.88 | F11: 0.9966 | G11: 0.9931 | H11: 0 | I11: 2.44 | J11: Site processed 12.0k on a plan of 12.3k | K11: =C11-B11 -> -278 | L11: =E11-D11 -> 4.45 | M11: =IF(OR(K11/B11<-0.05,L11/D11<-0.05),"Miss",IF(OR(K11<0,L11<0),"Below","Hit")) -> Below
A12: 45820 | B12: 13879 | C12: 13451 | D12: 96.4 | E12: 99.24 | F12: 0.9977 | G12: 0.9949 | H12: 0 | I12: 2.21 | J12: Site processed 13.5k on a plan of 13.9k | K12: =C12-B12 -> -428 | L12: =E12-D12 -> 2.84 | M12: =IF(OR(K12/B12<-0.05,L12/D12<-0.05),"Miss",IF(OR(K12<0,L12<0),"Below","Hit")) -> Below
A13: 45821 | B13: 13482 | C13: 13190 | D13: 104.98 | E13: 105.6 | F13: 0.9955 | G13: 0.9809 | H13: 0 | I13: 2.24 | J13: Site processed 13.2k on a plan of 13.5k | K13: =C13-B13 -> -292 | L13: =E13-D13 -> 0.62 | M13: =IF(OR(K13/B13<-0.05,L13/D13<-0.05),"Miss",IF(OR(K13<0,L13<0),"Below","Hit")) -> Below
... A15: 45823 | B15: 12469 | C15: 12891 | D15: 100.37 | E15: 98.53 | F15: 0.9982 | G15: 0.9822 | H15: 0 | I15: 2.12 | J15: Site processed 12.9k on a plan of 12.5k | K15: =C15-B15 -> 422 | L15: =E15-D15 -> -1.84 | M15: =IF(OR(K15/B15<-0.05,L15/D15<-0.05),"Miss",IF(OR(K15<0,L15<0),"Below","Hit")) -> Below

Sheet Bridges
B2: Process Path Bridges
B3: UPH & labor hour variance by process path
B5: Enter a bridge for any process path that missed by >5% to plan (94% or less)
B7: Process Path | C7: Act UPH | D7: Plan UPH | E7: UPH Var | F7: Act Hours | G7: Plan Hours | H7: Hrs Var | I7: Root Cause / Notes
B8: Unload | C8: 1246 | D8: 1175 | E8: =C8-D8 -> 71 | F8: 2 | H8: =F8-G8 -> 2 | I8: =IF(E8/D8<-0.05,"Investigate — UPH >5% below plan",IF(E8<0,"Below plan — monitor","Within tolerance")) -> Within tolerance
B9: Induct | C9: 1149 | D9: 1175 | E9: =C9-D9 -> -26 | F9: 2 | H9: =F9-G9 -> 2 | I9: =IF(E9/D9<-0.05,"Investigate — UPH >5% below plan",IF(E9<0,"Below plan — monitor","Within tolerance")) -> Below plan — monitor
B10: Pusher | C10: 822 | D10: 850 | E10: =C10-D10 -> -28 | F10: 2 | H10: =F10-G10 -> 2 | I10: =IF(E10/D10<-0.05,"Investigate — UPH >5% below plan",IF(E10<0,"Below plan — monitor","Within tolerance")) -> Below plan — monitor
B11: P2B | C11: 473 | D11: 450 | E11: =C11-D11 -> 23 | F11: 2.25 | H11: =F11-G11 -> 2.25 | I11: =IF(E11/D11<-0.05,"Investigate — UPH >5% below plan",IF(E11<0,"Below plan — monitor","Within tolerance")) -> Within tolerance
B12: Sort PS | C12: 358 | D12: 350 | E12: =C12-D12 -> 8 | F12: 2 | H12: =F12-G12 -> 2 | I12: =IF(E12/D12<-0.05,"Investigate — UPH >5% below plan",IF(E12<0,"Below plan — monitor","Within tolerance")) -> Within tolerance
B13: Stow | C13: 227 | D13: 235 | E13: =C13-D13 -> -8 | F13: 3.5 | H13: =F13-G13 -> 3.5 | I13: =IF(E13/D13<-0.05,"Investigate — UPH >5% below plan",IF(E13<0,"Below plan — monitor","Within tolerance")) -> Below plan — monitor
B15: TOTAL | C15: =SUM(C8:C13) -> 4275 | D15: =SUM(D8:D13) -> 4235 | E15: =SUM(E8:E13) -> 40 | F15: =SUM(F8:F13) -> 13.75 | G15: =SUM(G8:G13) -> 0 | H15: =SUM(H8:H13) -> 13.75
